-- phpMyAdmin SQL Dump
-- version 4.4.3
-- http://www.phpmyadmin.net
--
-- Host: localhost
-- Generation Time: Sep 12, 2015 at 10:18 AM
-- Server version: 5.6.24
-- PHP Version: 5.6.8

SET SQL_MODE = "NO_AUTO_VALUE_ON_ZERO";
SET time_zone = "+00:00";


/*!40101 SET @OLD_CHARACTER_SET_CLIENT=@@CHARACTER_SET_CLIENT */;
/*!40101 SET @OLD_CHARACTER_SET_RESULTS=@@CHARACTER_SET_RESULTS */;
/*!40101 SET @OLD_COLLATION_CONNECTION=@@COLLATION_CONNECTION */;
/*!40101 SET NAMES utf8 */;

--
-- Database: `DBC`
--

-- --------------------------------------------------------

--
-- Table structure for table `balance`
--

CREATE TABLE IF NOT EXISTS `balance` (
  `balance_id` int(5) NOT NULL,
  `date` datetime NOT NULL,
  `week` varchar(6) COLLATE utf8_unicode_ci NOT NULL,
  `expenses_amount` varchar(10) COLLATE utf8_unicode_ci NOT NULL,
  `donation_amount` varchar(10) COLLATE utf8_unicode_ci NOT NULL,
  `balance` varchar(10) COLLATE utf8_unicode_ci NOT NULL
) ENGINE=InnoDB AUTO_INCREMENT=60 DEFAULT CHARSET=utf8 COLLATE=utf8_unicode_ci;

--
-- Dumping data for table `balance`
--

INSERT INTO `balance` (`balance_id`, `date`, `week`, `expenses_amount`, `donation_amount`, `balance`) VALUES
(23, '2014-12-23 09:12:27', '522014', '1744', '2500', '756'),
(24, '2015-01-03 09:12:27', '12015', '744', '3920', '3932'),
(25, '2015-01-10 09:12:27', '22015', '843', '2767', '5856'),
(26, '2015-01-17 09:12:27', '32015', '745', '1620', '6731'),
(27, '2015-01-24 09:12:27', '42015', '1104', '1930', '7557'),
(28, '2015-01-31 19:12:27', '52015', '1430', '2570', '8697'),
(29, '2015-02-07 19:12:27', '62015', '1200', '2305', '9802'),
(30, '2015-02-14 19:12:27', '72015', '1876', '3570', '11496'),
(31, '2015-02-21 19:12:27', '82015', '3501', '4600', '12595'),
(32, '2015-02-28 19:12:27', '92015', '1620', '2700', '13675'),
(34, '2015-03-07 19:12:27', '102015', '6988', '6570', '13257'),
(35, '2015-03-14 19:12:27', '112015', '1670', '4522', '16109'),
(36, '2015-03-21 19:12:27', '122015', '1502', '3470', '18077'),
(37, '2015-03-28 19:12:27', '132015', '2381', '3620', '19316'),
(38, '2015-04-04 19:12:27', '142015', '1820', '4500', '21996'),
(39, '2015-04-11 19:12:27', '152015', '2754', '6330', '25572'),
(40, '2015-04-18 19:12:27', '162015', '3510', '4290', '26352'),
(41, '2015-04-25 19:12:27', '172015', '2641', '2622', '26333'),
(42, '2015-05-02 19:12:27', '182015', '1222', '3065', '28176'),
(43, '2015-05-09 19:12:27', '192015', '6047', '1621', '23750'),
(44, '2015-05-16 19:12:27', '202015', '4363', '15900', '35287'),
(45, '2015-05-23 19:12:27', '212015', '15510', '3932', '23709'),
(46, '2015-05-30 19:12:27', '222015', '820', '7290', '30179'),
(47, '2015-06-06 19:12:27', '232015', '4830', '7300', '32649'),
(48, '2015-06-13 19:12:27', '242015', '2600', '4600', '34649'),
(49, '2015-06-20 19:12:27', '252015', '4231', '17782', '48200'),
(50, '2015-06-27 19:12:27', '262015', '4568', '5924', '49556'),
(51, '2015-07-04 19:12:27', '272015', '15640', '3162', '37078'),
(52, '2015-07-11 19:12:27', '282015', '2975', '19410', '53513'),
(53, '2015-07-18 19:12:27', '292015', '4181', '7040', '56372'),
(54, '2015-07-25 19:12:27', '302015', '3651.33', '8340', '61060.67'),
(55, '2015-07-31 19:12:27', '312015', '1800', '6361', '65621.67'),
(56, '2015-07-31 19:12:27', '322015', '1700', '1003000', '1066921.67'),
(57, '2015-08-23 14:14:49', '342015', '9422', '6590', '1064089.67'),
(58, '2015-07-31 19:12:27', '332015', '', '', '1066921.67'),
(59, '2015-08-26 10:58:12', '352015', '3442', '3234', '1063881.67');

-- --------------------------------------------------------

--
-- Table structure for table `course`
--

CREATE TABLE IF NOT EXISTS `course` (
  `course_id` varchar(3) COLLATE utf8_unicode_ci NOT NULL,
  `course_name` text COLLATE utf8_unicode_ci NOT NULL,
  `course_unit` tinyint(2) NOT NULL,
  `course_hour` tinyint(2) NOT NULL,
  `course_duration` tinyint(2) NOT NULL,
  `course_score` int(3) NOT NULL,
  `course_note` text COLLATE utf8_unicode_ci NOT NULL
) ENGINE=InnoDB DEFAULT CHARSET=utf8 COLLATE=utf8_unicode_ci;

--
-- Dumping data for table `course`
--

INSERT INTO `course` (`course_id`, `course_name`, `course_unit`, `course_hour`, `course_duration`, `course_score`, `course_note`) VALUES
('CH1', 'รากฐานชีวิตคริสเตียน', 8, 8, 8, 33, ''),
('CH2', 'รากฐานชีวิตคริสเตียน 2', 8, 16, 8, 33, ''),
('CH3', 'รากฐานชีวิตคริสเตียน 3', 8, 16, 8, 33, ''),
('CL1', 'ชีวิตคริสเตียน', 8, 16, 8, 33, ''),
('CL2', 'ชีวิตคริสเตียน 2', 8, 16, 8, 33, ''),
('CL3', 'ชีวิตคริสเตียน 3', 8, 16, 8, 33, ''),
('CL4', 'ชีวิตคริสเตียน 4', 8, 16, 8, 33, ''),
('HP1', 'โรงเรียนแห่งความสุข', 8, 8, 8, 33, ''),
('HP2', 'โรงเรียนแห่งความสุข 2', 8, 8, 8, 33, ''),
('TT1', 'ปัญหาชีวิต', 5, 10, 5, 33, ''),
('VI1', 'วิสัยทัศน์ คริสเตียน', 8, 8, 8, 33, ''),
('VI2', 'วิสัยทัศน์ คริสเตียน 2', 8, 8, 8, 33, ''),
('VI3', 'วิสัยทัศน์ คริสเตียน 3', 8, 8, 8, 33, '');

-- --------------------------------------------------------

--
-- Table structure for table `coursedetail`
--

CREATE TABLE IF NOT EXISTS `coursedetail` (
  `course_detail_id` varchar(7) COLLATE utf8_unicode_ci NOT NULL,
  `course_id` varchar(5) COLLATE utf8_unicode_ci NOT NULL,
  `trainer_id` varchar(5) COLLATE utf8_unicode_ci NOT NULL,
  `start_date` date NOT NULL,
  `end_date` date NOT NULL,
  `registered` date NOT NULL
) ENGINE=InnoDB DEFAULT CHARSET=utf8 COLLATE=utf8_unicode_ci;

--
-- Dumping data for table `coursedetail`
--

INSERT INTO `coursedetail` (`course_detail_id`, `course_id`, `trainer_id`, `start_date`, `end_date`, `registered`) VALUES
('CH10615', 'CH1', 'NAP', '2015-06-06', '2015-08-08', '0000-00-00'),
('CH10815', 'CH1', 'DOI', '2015-08-08', '2015-09-12', '0000-00-00'),
('CH20815', 'CH2', 'KAW', '2015-08-08', '2015-09-12', '0000-00-00'),
('CH30815', 'CH3', 'KIT', '2015-08-08', '2015-09-12', '0000-00-00'),
('CL10815', 'CL1', 'LSD', '2015-08-08', '2015-09-12', '0000-00-00'),
('CL20615', 'CL2', 'PSU', '2015-06-01', '2015-08-01', '0000-00-00'),
('CL20815', 'CL2', 'NAP', '2015-08-08', '2015-09-12', '0000-00-00'),
('HP11015', 'HP1', 'PSU', '2015-10-14', '2015-11-24', '0000-00-00'),
('HP20815', 'HP2', 'NAP', '2015-08-01', '2015-08-27', '0000-00-00'),
('HP20915', 'HP2', 'SUN', '2015-09-16', '2015-11-18', '0000-00-00'),
('TT10315', 'TT1', 'WIE', '2015-03-01', '2015-10-26', '0000-00-00'),
('TT10615', 'TT1', 'PR1', '2015-06-02', '2015-08-01', '0000-00-00'),
('TT10815', 'TT1', 'PR1', '2015-08-06', '2015-09-17', '0000-00-00'),
('VI10815', 'VI1', 'PAL', '2015-08-01', '2015-08-27', '0000-00-00'),
('VI20715', 'VI2', 'TAI', '2015-07-23', '2015-09-16', '0000-00-00'),
('VI31015', 'VI3', 'WIE', '2015-10-21', '2015-12-16', '0000-00-00');

-- --------------------------------------------------------

--
-- Table structure for table `courseregis`
--

CREATE TABLE IF NOT EXISTS `courseregis` (
  `regis_id` int(5) NOT NULL,
  `course_detail_id` varchar(7) COLLATE utf8_unicode_ci NOT NULL,
  `trainer_id` varchar(5) COLLATE utf8_unicode_ci NOT NULL,
  `member_idcard` varchar(15) COLLATE utf8_unicode_ci NOT NULL,
  `course_regisdate` datetime NOT NULL,
  `regis_note` text COLLATE utf8_unicode_ci NOT NULL
) ENGINE=InnoDB AUTO_INCREMENT=59 DEFAULT CHARSET=utf8 COLLATE=utf8_unicode_ci;

--
-- Dumping data for table `courseregis`
--

INSERT INTO `courseregis` (`regis_id`, `course_detail_id`, `trainer_id`, `member_idcard`, `course_regisdate`, `regis_note`) VALUES
(2, 'CH10815', 'DOI', '1101401789932', '2015-07-22 12:24:05', ''),
(3, 'CH10815', 'DOI', '1509900986474', '2015-07-22 12:24:08', ''),
(4, 'CH10815', 'DOI', '1559393974183', '2015-07-22 12:24:11', ''),
(5, 'CH10815', 'DOI', '1559333934119', '2015-07-22 12:24:14', ''),
(6, 'CH10815', 'DOI', '1509900980474', '2015-07-22 12:24:18', ''),
(7, 'CH10815', 'DOI', '1559393970989', '2015-07-22 12:24:29', ''),
(8, 'CH10815', 'DOI', '1559393734596', '2015-07-22 12:24:34', ''),
(9, 'CH10815', 'DOI', '1550093974134', '2015-07-22 12:24:39', ''),
(10, 'CH10815', 'DOI', '1559393734185', '2015-07-22 12:24:43', ''),
(11, 'CH20815', 'KAW', '1509900986474', '2015-07-22 12:25:12', ''),
(12, 'CH20815', 'KAW', '1509900980474', '2015-07-22 12:25:16', ''),
(13, 'CH20815', 'KAW', '1559393974183', '2015-07-22 12:25:19', ''),
(14, 'CH20815', 'KAW', '1559333934119', '2015-07-22 12:25:22', ''),
(15, 'CH20815', 'KAW', '1550093974134', '2015-07-22 12:25:27', ''),
(16, 'CH20815', 'KAW', '1559333934189', '2015-07-22 12:25:31', ''),
(17, 'CH20815', 'KAW', '1559396274189', '2015-07-22 12:25:35', ''),
(18, 'CH20815', 'KAW', '1559093934189', '2015-07-22 12:25:41', ''),
(19, 'CH10615', 'NAP', '1509900986474', '2015-07-22 12:47:02', ''),
(20, 'CH10615', 'NAP', '1559393974183', '2015-07-22 12:47:06', ''),
(21, 'CH10615', 'NAP', '1559390074189', '2015-07-22 12:47:11', ''),
(22, 'CH10615', 'NAP', '1559393734185', '2015-07-22 12:47:19', ''),
(23, 'CH10615', 'NAP', '1533939759403', '2015-07-22 12:47:24', ''),
(24, 'CH10615', 'NAP', '1559333934189', '2015-07-22 12:47:30', ''),
(25, 'CH10615', 'NAP', '1559390074471', '2015-07-22 12:47:42', ''),
(26, 'CH10615', 'NAP', '1559393943343', '2015-07-22 12:47:50', ''),
(27, 'CL20615', 'PSU', '1101401789932', '2015-07-22 12:49:17', ''),
(28, 'CL20615', 'PSU', '1559883974329', '2015-07-22 12:49:21', ''),
(29, 'CL20615', 'PSU', '1533939759403', '2015-07-22 12:49:25', ''),
(30, 'CL20615', 'PSU', '1559333934119', '2015-07-22 12:49:31', ''),
(31, 'CL20615', 'PSU', '1559390074471', '2015-07-22 12:49:35', ''),
(32, 'CL20615', 'PSU', '1559396274189', '2015-07-22 12:49:46', ''),
(33, 'CL20615', 'PSU', '1559393934231', '2015-07-22 12:49:50', ''),
(34, 'CL20615', 'PSU', '1559393943343', '2015-07-22 12:49:57', ''),
(35, 'CL20615', 'PSU', '1559392273343', '2015-07-22 12:50:05', ''),
(36, 'CH10815', 'DOI', '1559883974329', '2015-07-24 05:49:00', ''),
(37, 'TT10815', 'PR1', '1550093974134', '2015-08-05 04:00:23', ''),
(38, 'TT10815', 'PR1', '1509900986474', '2015-08-05 04:01:50', ''),
(39, 'TT10815', 'PR1', '1509900980474', '2015-08-05 04:01:59', ''),
(51, 'CH10815', 'DOI', '1559393934231', '2015-08-17 10:35:30', ''),
(52, 'TT10815', 'PR1', '1101401789932', '2015-08-17 10:36:11', ''),
(53, 'TT10815', 'PR1', '1559883974329', '2015-08-17 10:36:14', ''),
(54, 'TT10815', 'PR1', '1559333934119', '2015-08-17 10:36:17', ''),
(55, 'CL20815', 'NAP', '1101401789932', '2015-08-20 10:52:18', ''),
(56, 'HP11015', 'PSU', '1310500117093', '2015-08-20 10:54:58', ''),
(57, 'HP11015', 'PSU', '1101401789932', '2015-08-20 10:55:00', ''),
(58, 'HP11015', 'PSU', '1509900986474', '2015-08-20 10:55:03', '');

-- --------------------------------------------------------

--
-- Table structure for table `donation`
--

CREATE TABLE IF NOT EXISTS `donation` (
  `donation_id` int(6) NOT NULL,
  `donation_week` int(6) NOT NULL,
  `donation_date` datetime NOT NULL,
  `dtype_id` tinyint(2) NOT NULL,
  `donation_amount` varchar(11) COLLATE utf8_unicode_ci NOT NULL,
  `donation_note` text COLLATE utf8_unicode_ci NOT NULL
) ENGINE=InnoDB AUTO_INCREMENT=125 DEFAULT CHARSET=utf8 COLLATE=utf8_unicode_ci;

--
-- Dumping data for table `donation`
--

INSERT INTO `donation` (`donation_id`, `donation_week`, `donation_date`, `dtype_id`, `donation_amount`, `donation_note`) VALUES
(21, 522014, '2014-12-25 13:11:13', 1, '1300', ''),
(22, 522014, '2014-12-25 13:11:13', 2, '300', ''),
(23, 522014, '2014-12-25 13:11:13', 4, '800', ''),
(24, 522014, '2014-12-25 13:11:13', 3, '100', ''),
(25, 12015, '2015-01-03 09:12:27', 1, '3150', ''),
(26, 12015, '2015-01-03 09:12:27', 2, '570', ''),
(27, 12015, '2015-01-03 09:12:27', 3, '200', ''),
(28, 22015, '2015-01-10 09:12:27', 1, '1807', ''),
(29, 22015, '2015-01-10 09:12:27', 2, '560', ''),
(30, 22015, '2015-01-10 09:12:27', 4, '100', ''),
(31, 22015, '2015-01-10 09:12:27', 3, '300', ''),
(32, 32015, '2015-01-17 09:12:27', 1, '1200', ''),
(33, 32015, '2015-01-17 09:12:27', 2, '120', ''),
(34, 32015, '2015-01-17 09:12:27', 3, '300', ''),
(35, 42015, '2015-01-24 09:12:27', 1, '1430', ''),
(36, 42015, '2015-01-24 09:12:27', 2, '500', ''),
(37, 52015, '2015-01-31 19:12:27', 2, '160', ''),
(38, 52015, '2015-01-31 19:12:27', 4, '500', ''),
(39, 52015, '2015-01-31 19:12:27', 1, '1910', ''),
(40, 72015, '2015-02-14 19:12:27', 1, '3000', ''),
(41, 72015, '2015-02-14 19:12:27', 2, '570', ''),
(42, 82015, '2015-02-21 19:12:27', 1, '2400', ''),
(43, 82015, '2015-02-21 19:12:27', 2, '1200', ''),
(44, 82015, '2015-02-21 19:12:27', 4, '1000', ''),
(45, 62015, '2015-02-07 19:12:27', 2, '405', ''),
(46, 62015, '2015-02-07 19:12:27', 1, '1900', ''),
(47, 92015, '2015-02-28 19:12:27', 1, '2300', ''),
(48, 92015, '2015-02-28 19:12:27', 3, '400', ''),
(49, 102015, '2015-03-07 19:12:27', 1, '2000', ''),
(50, 102015, '2015-03-07 19:12:27', 3, '570', ''),
(51, 102015, '2015-03-07 19:12:27', 2, '4000', ''),
(52, 112015, '2015-03-14 19:12:27', 1, '3102', ''),
(53, 112015, '2015-03-14 19:12:27', 2, '1020', ''),
(54, 112015, '2015-03-14 19:12:27', 4, '400', ''),
(55, 122015, '2015-03-21 19:12:27', 1, '3160', ''),
(56, 122015, '2015-03-21 19:12:27', 2, '310', ''),
(57, 132015, '2015-03-28 19:12:27', 1, '1300', ''),
(58, 132015, '2015-03-28 19:12:27', 3, '1200', ''),
(59, 132015, '2015-03-28 19:12:27', 2, '800', ''),
(60, 132015, '2015-03-28 19:12:27', 4, '320', ''),
(61, 142015, '2015-04-04 19:12:27', 1, '1300', ''),
(62, 142015, '2015-04-04 19:12:27', 2, '200', ''),
(63, 142015, '2015-04-04 19:12:27', 4, '3000', ''),
(64, 152015, '2015-04-11 19:12:27', 4, '5300', ''),
(65, 152015, '2015-04-11 19:12:27', 2, '630', ''),
(66, 152015, '2015-04-11 19:12:27', 4, '400', ''),
(67, 162015, '2015-04-18 19:12:27', 1, '3290', ''),
(68, 162015, '2015-04-18 19:12:27', 2, '1000', ''),
(69, 172015, '2015-04-25 19:12:27', 1, '2200', ''),
(70, 172015, '2015-04-25 19:12:27', 3, '120', ''),
(71, 172015, '2015-04-25 19:12:27', 2, '302', ''),
(72, 182015, '2015-05-02 19:12:27', 1, '1350', ''),
(73, 182015, '2015-05-02 19:12:27', 2, '413', ''),
(74, 182015, '2015-05-02 19:12:27', 4, '1302', ''),
(75, 192015, '2015-05-09 19:12:27', 1, '1002', ''),
(76, 192015, '2015-05-09 19:12:27', 3, '200', ''),
(77, 192015, '2015-05-09 19:12:27', 2, '419', ''),
(78, 202015, '2015-05-16 19:12:27', 1, '3400', ''),
(79, 202015, '2015-05-16 19:12:27', 2, '300', ''),
(80, 202015, '2015-05-16 19:12:27', 3, '200', ''),
(81, 202015, '2015-05-16 19:12:27', 4, '12000', ''),
(82, 212015, '2015-05-23 19:12:27', 4, '1200', ''),
(83, 212015, '2015-05-23 19:12:27', 3, '900', ''),
(84, 212015, '2015-05-23 19:12:27', 1, '1232', ''),
(85, 212015, '2015-05-23 19:12:27', 2, '600', ''),
(86, 222015, '2015-05-30 19:12:27', 1, '1200', ''),
(87, 222015, '2015-05-30 19:12:27', 2, '390', ''),
(88, 222015, '2015-05-30 19:12:27', 4, '5700', ''),
(89, 232015, '2015-06-06 19:12:27', 1, '4300', ''),
(90, 232015, '2015-06-06 19:12:27', 2, '3000', ''),
(91, 242015, '2015-06-16 19:12:27', 1, '4000', ''),
(92, 242015, '2015-06-16 19:12:27', 2, '200', ''),
(93, 242015, '2015-06-16 19:12:27', 4, '400', ''),
(94, 252015, '2015-06-20 19:12:27', 1, '10060', ''),
(95, 252015, '2015-06-20 19:12:27', 2, '2032', ''),
(96, 252015, '2015-06-20 19:12:27', 3, '5690', ''),
(97, 262015, '2015-06-27 19:12:27', 1, '1570', ''),
(98, 262015, '2015-06-27 19:12:27', 2, '304', ''),
(99, 262015, '2015-06-27 19:12:27', 4, '4050', ''),
(100, 272015, '2015-07-04 19:12:27', 1, '2212', ''),
(101, 272015, '2015-07-04 19:12:27', 2, '420', ''),
(102, 272015, '2015-07-04 19:12:27', 3, '530', ''),
(103, 282015, '2015-07-11 19:12:27', 4, '990', ''),
(104, 282015, '2015-07-11 19:12:27', 3, '420', ''),
(105, 282015, '2015-07-11 19:12:27', 2, '3000', ''),
(106, 282015, '2015-07-11 19:12:27', 1, '15000', ''),
(107, 292015, '2015-07-18 19:12:27', 1, '4450', ''),
(108, 292015, '2015-07-18 19:12:27', 2, '790', ''),
(109, 292015, '2015-07-18 19:12:27', 3, '600', ''),
(110, 292015, '2015-07-18 19:12:27', 4, '1200', ''),
(111, 302015, '2015-07-24 05:56:14', 1, '3200', ''),
(112, 302015, '2015-07-24 05:57:08', 4, '2000', ''),
(113, 302015, '2015-07-25 19:12:27', 2, '3020', ''),
(114, 302015, '2015-07-25 19:12:27', 3, '120', ''),
(115, 312015, '2015-07-31 19:12:27', 1, '4631', ''),
(116, 312015, '2015-07-31 19:12:27', 2, '1200', ''),
(117, 312015, '2015-07-31 19:12:27', 4, '30', ''),
(118, 312015, '2015-07-31 19:12:27', 3, '500', ''),
(119, 322015, '2015-08-05 04:27:46', 1, '3000', ''),
(120, 322015, '2015-08-05 04:30:37', 4, '1000000', 'อ.ภานุวัฒน์'),
(121, 342015, '2015-08-23 11:54:29', 4, '2000', ''),
(122, 342015, '2015-08-23 11:54:42', 1, '4590', ''),
(123, 352015, '2015-08-26 10:57:29', 3, '3000', ''),
(124, 352015, '2015-08-26 10:57:43', 3, '234', '');

-- --------------------------------------------------------

--
-- Table structure for table `donationtype`
--

CREATE TABLE IF NOT EXISTS `donationtype` (
  `dtype_id` tinyint(2) NOT NULL,
  `donation_type` text COLLATE utf8_unicode_ci NOT NULL
) ENGINE=InnoDB AUTO_INCREMENT=5 DEFAULT CHARSET=utf8 COLLATE=utf8_unicode_ci;

--
-- Dumping data for table `donationtype`
--

INSERT INTO `donationtype` (`dtype_id`, `donation_type`) VALUES
(1, 'เงินถวายวันอาทิตย์'),
(2, 'เงินถวายสิบลด'),
(3, 'เงินถวายขอบคุณ'),
(4, 'เงินถวายพิเศษ');

-- --------------------------------------------------------

--
-- Table structure for table `expenses`
--

CREATE TABLE IF NOT EXISTS `expenses` (
  `expenses_id` int(6) NOT NULL,
  `expenses_week` int(6) NOT NULL,
  `expenses_date` datetime NOT NULL,
  `etype_id` tinyint(2) NOT NULL,
  `expenses_amount` varchar(11) COLLATE utf8_unicode_ci NOT NULL,
  `expenses_note` text COLLATE utf8_unicode_ci NOT NULL
) ENGINE=InnoDB AUTO_INCREMENT=136 DEFAULT CHARSET=utf8 COLLATE=utf8_unicode_ci;

--
-- Dumping data for table `expenses`
--

INSERT INTO `expenses` (`expenses_id`, `expenses_week`, `expenses_date`, `etype_id`, `expenses_amount`, `expenses_note`) VALUES
(16, 522014, '2014-12-25 13:11:13', 1, '73', ''),
(17, 522014, '2014-12-25 13:11:13', 2, '99', ''),
(18, 522014, '2014-12-25 13:11:13', 3, '441', ''),
(19, 522014, '2014-12-25 13:11:13', 4, '631', ''),
(20, 522014, '2014-12-25 13:11:13', 5, '500', ''),
(21, 12015, '2015-01-03 09:12:27', 5, '670', ''),
(22, 12015, '2015-01-03 09:12:27', 6, '34', ''),
(23, 12015, '2015-01-03 09:12:27', 1, '40', ''),
(24, 22015, '2015-01-10 09:12:27', 1, '40', ''),
(25, 22015, '2015-01-10 09:12:27', 5, '600', ''),
(26, 22015, '2015-01-10 09:12:27', 6, '203', ''),
(27, 32015, '2015-01-17 09:12:27', 1, '45', ''),
(28, 32015, '2015-01-17 09:12:27', 5, '500', ''),
(29, 32015, '2015-01-17 09:12:27', 6, '200', ''),
(30, 42015, '2015-01-24 09:12:27', 1, '70', ''),
(31, 42015, '2015-01-24 09:12:27', 2, '203', ''),
(32, 42015, '2015-01-24 09:12:27', 4, '631', ''),
(33, 42015, '2015-01-24 09:12:27', 6, '200', ''),
(34, 52015, '2015-01-31 19:12:27', 5, '1200', ''),
(35, 52015, '2015-01-31 19:12:27', 1, '90', ''),
(36, 52015, '2015-01-31 19:12:27', 2, '140', ''),
(37, 72015, '2015-02-14 19:12:27', 1, '76', ''),
(38, 72015, '2015-02-14 19:12:27', 5, '1500', ''),
(39, 72015, '2015-02-14 19:12:27', 6, '300', ''),
(40, 82015, '2015-02-21 19:12:27', 1, '320', ''),
(41, 82015, '2015-02-21 19:12:27', 4, '631', ''),
(42, 82015, '2015-02-21 19:12:27', 5, '2100', ''),
(43, 82015, '2015-02-21 19:12:27', 6, '450', ''),
(44, 62015, '2015-02-07 19:12:27', 1, '200', ''),
(45, 62015, '2015-02-07 19:12:27', 5, '1000', ''),
(46, 92015, '2015-02-28 19:12:27', 1, '120', ''),
(47, 92015, '2015-02-28 19:12:27', 5, '300', ''),
(48, 92015, '2015-02-28 19:12:27', 6, '1200', ''),
(49, 102015, '2015-03-07 19:12:27', 2, '780', ''),
(50, 102015, '2015-03-07 19:12:27', 3, '1208', ''),
(51, 102015, '2015-03-07 19:12:27', 5, '1600', ''),
(52, 102015, '2015-03-07 19:12:27', 6, '3400', ''),
(53, 112015, '2015-03-14 19:12:27', 1, '320', ''),
(54, 112015, '2015-03-14 19:12:27', 5, '650', ''),
(55, 112015, '2015-03-14 19:12:27', 6, '700', ''),
(56, 122015, '2015-03-21 19:12:27', 5, '1200', ''),
(57, 122015, '2015-03-21 19:12:27', 1, '302', ''),
(58, 132015, '2015-03-28 19:12:27', 4, '631', ''),
(59, 132015, '2015-03-28 19:12:27', 5, '1300', ''),
(60, 132015, '2015-03-28 19:12:27', 6, '450', ''),
(61, 142015, '2015-04-04 19:12:27', 2, '420', ''),
(62, 142015, '2015-04-04 19:12:27', 1, '300', ''),
(63, 142015, '2015-04-04 19:12:27', 5, '1100', ''),
(64, 152015, '2015-04-11 19:12:27', 1, '300', ''),
(65, 152015, '2015-04-11 19:12:27', 2, '423', ''),
(66, 152015, '2015-04-11 19:12:27', 4, '631', ''),
(67, 152015, '2015-04-11 19:12:27', 5, '1400', ''),
(68, 162015, '2015-04-18 19:12:27', 5, '970', ''),
(69, 162015, '2015-04-18 19:12:27', 3, '2040', ''),
(70, 162015, '2015-04-18 19:12:27', 6, '500', ''),
(71, 172015, '2015-04-25 19:12:27', 4, '631', ''),
(72, 172015, '2015-04-25 19:12:27', 5, '1610', ''),
(73, 172015, '2015-04-25 19:12:27', 1, '400', ''),
(74, 182015, '2015-05-02 19:12:27', 1, '120', ''),
(75, 182015, '2015-05-02 19:12:27', 2, '320', ''),
(76, 182015, '2015-05-02 19:12:27', 5, '782', ''),
(77, 192015, '2015-05-09 19:12:27', 3, '3100', ''),
(78, 192015, '2015-05-09 19:12:27', 5, '1900', ''),
(79, 192015, '2015-05-09 19:12:27', 2, '602', ''),
(80, 192015, '2015-05-09 19:12:27', 6, '445', ''),
(81, 202015, '2015-05-16 19:12:27', 1, '320', ''),
(82, 202015, '2015-05-16 19:12:27', 2, '210', ''),
(83, 202015, '2015-05-16 19:12:27', 4, '631', ''),
(84, 202015, '2015-05-16 19:12:27', 5, '3202', ''),
(85, 212015, '2015-05-23 19:12:27', 5, '2800', ''),
(86, 212015, '2015-05-23 19:12:27', 3, '3310', ''),
(87, 212015, '2015-05-23 19:12:27', 2, '410', ''),
(88, 212015, '2015-05-23 19:12:27', 6, '8990', ''),
(89, 222015, '2015-05-30 19:12:27', 2, '500', ''),
(90, 222015, '2015-05-30 19:12:27', 5, '320', ''),
(91, 222015, '2015-05-30 19:12:27', 1, '239', ''),
(92, 232015, '2015-06-06 19:12:27', 3, '3200', ''),
(93, 232015, '2015-06-06 19:12:27', 1, '656', ''),
(94, 232015, '2015-06-06 19:12:27', 6, '70', ''),
(95, 232015, '2015-06-06 19:12:27', 5, '904', ''),
(96, 242015, '2015-06-13 19:12:27', 3, '2010', ''),
(97, 242015, '2015-06-13 19:12:27', 5, '590', ''),
(98, 252015, '2015-06-20 19:12:27', 4, '631', ''),
(99, 252015, '2015-06-20 19:12:27', 1, '400', ''),
(100, 252015, '2015-06-20 19:12:27', 5, '3200', ''),
(101, 272015, '2015-06-27 19:12:27', 1, '430', ''),
(102, 272015, '2015-06-27 19:12:27', 5, '3210', ''),
(103, 272015, '2015-06-27 19:12:27', 6, '12000', ''),
(104, 262015, '2015-06-27 19:12:27', 5, '703', ''),
(105, 262015, '2015-06-27 19:12:27', 3, '3219', ''),
(106, 262015, '2015-06-27 19:12:27', 2, '629', ''),
(107, 262015, '2015-06-27 19:12:27', 6, '17', ''),
(108, 262015, '2015-06-27 19:12:27', 1, '400', ''),
(109, 282015, '2015-07-11 19:12:27', 4, '631', ''),
(110, 282015, '2015-07-11 19:12:27', 5, '1800', ''),
(111, 282015, '2015-07-11 19:12:27', 2, '421', ''),
(112, 282015, '2015-07-11 19:12:27', 1, '123', ''),
(113, 292015, '2015-07-18 19:12:27', 1, '400', ''),
(114, 292015, '2015-07-18 19:12:27', 2, '760', ''),
(115, 292015, '2015-07-18 19:12:27', 5, '2598', ''),
(116, 292015, '2015-07-18 19:12:27', 6, '423', ''),
(117, 302015, '2015-07-23 14:42:57', 4, '631.33', ''),
(118, 302015, '2015-07-25 19:12:27', 1, '400', ''),
(119, 302015, '2015-07-25 19:12:27', 5, '1980', ''),
(120, 302015, '2015-07-25 19:12:27', 6, '640', ''),
(121, 312015, '2015-07-31 19:12:27', 1, '230', ''),
(122, 312015, '2015-07-31 19:12:27', 6, '670', ''),
(123, 312015, '2015-07-31 19:12:27', 5, '900', ''),
(124, 322015, '2015-08-04 08:40:04', 6, '1200', 'ชั้นวางแฟ้ม 5 ชั้น'),
(125, 322015, '2015-08-05 04:28:18', 5, '500', ''),
(126, 342015, '2015-08-23 11:55:16', 5, '3400', ''),
(127, 342015, '2015-08-23 11:55:22', 3, '2304', ''),
(128, 342015, '2015-08-23 11:55:27', 6, '2300', ''),
(129, 342015, '2015-08-23 11:55:37', 4, '632', ''),
(130, 342015, '2015-08-23 11:55:46', 1, '232', ''),
(131, 342015, '2015-08-23 11:55:54', 2, '554', ''),
(132, 352015, '2015-08-26 10:57:52', 5, '234', ''),
(133, 352015, '2015-08-26 10:57:58', 4, '632', ''),
(134, 352015, '2015-08-26 10:58:04', 6, '2342', ''),
(135, 352015, '2015-08-26 10:58:09', 1, '234', '');

-- --------------------------------------------------------

--
-- Table structure for table `expensestype`
--

CREATE TABLE IF NOT EXISTS `expensestype` (
  `etype_id` tinyint(2) NOT NULL,
  `expenses_type` text COLLATE utf8_unicode_ci NOT NULL
) ENGINE=InnoDB AUTO_INCREMENT=7 DEFAULT CHARSET=utf8 COLLATE=utf8_unicode_ci;

--
-- Dumping data for table `expensestype`
--

INSERT INTO `expensestype` (`etype_id`, `expenses_type`) VALUES
(1, 'ค่าน้ำดื่ม'),
(2, 'ค่าน้ำประปา'),
(3, 'ค่าไฟฟ้า'),
(4, 'ค่าอินเตอร์เน็ต'),
(5, 'ค่าอาหาร'),
(6, 'ค่าอปุกรณ์สำนักงาน');

-- --------------------------------------------------------

--
-- Table structure for table `member`
--

CREATE TABLE IF NOT EXISTS `member` (
  `member_id` int(5) NOT NULL,
  `member_idcard` varchar(15) COLLATE utf8_unicode_ci NOT NULL,
  `member_nametitle` tinyint(1) NOT NULL,
  `member_fname` varchar(32) COLLATE utf8_unicode_ci NOT NULL,
  `member_lname` varchar(31) COLLATE utf8_unicode_ci NOT NULL,
  `member_cnumber` varchar(31) COLLATE utf8_unicode_ci NOT NULL,
  `member_email` varchar(127) COLLATE utf8_unicode_ci NOT NULL,
  `member_birthday` date NOT NULL,
  `member_address` text COLLATE utf8_unicode_ci NOT NULL,
  `member_regisdate` date NOT NULL,
  `membergroup_id` varchar(5) COLLATE utf8_unicode_ci NOT NULL
) ENGINE=InnoDB AUTO_INCREMENT=25 DEFAULT CHARSET=utf8 COLLATE=utf8_unicode_ci;

--
-- Dumping data for table `member`
--

INSERT INTO `member` (`member_id`, `member_idcard`, `member_nametitle`, `member_fname`, `member_lname`, `member_cnumber`, `member_email`, `member_birthday`, `member_address`, `member_regisdate`, `membergroup_id`) VALUES
(1, '1310500117093', 3, 'จันทิมา', 'จารุแพทย์', '0834923030', 'jinyki@hotmail.com', '2008-10-10', '143 หมู่ 2 ตำบล บ้านโฮ่ง อำเภอ บ้านโฮ่ง ลำพูน 51130', '2015-07-10', ''),
(2, '1101401789932', 1, 'เสมอพงษ์', 'สืบทอง', '0828484839', 'samotilo@gmail.com', '2006-09-09', '345 หมู่ 17 ต.บ้านโฮ่ง อ.บ้านโฮ่ง จ.ลำพูน 51130', '2015-07-10', ''),
(3, '1509900986474', 1, 'จักรกฤษ', 'ปันตา', '0983883744', 'jukkitpun@gmail.com', '2005-09-08', '211 หมู่ 3 ต.บ้านโฮ่ง อ.บ้านโฮ่ง จ.ลำพูน 51130', '2015-07-10', ''),
(4, '1509900980474', 1, 'พีระ', 'คำแก้วตา', '0884773822', 'loddayny@hotmail.com', '2005-08-08', '34 หมู่ 3 ต.บ้านโฮ่ง อ.บ้านโฮ่ง จ.ลำพูน 51130', '2015-07-10', ''),
(5, '1559393974183', 3, 'กิตติยา', 'สมจันทร์', '0938474392', 'toyaitlo@gmail.com', '2000-04-02', '11 หมู่ 13 ต.บ้านโฮ่ง อ.บ้านโฮ่ง จ.ลำพูน 51130', '2015-07-10', ''),
(6, '1559333934119', 3, 'พรรนา', 'มะนิตา', '0993764863', 'anusati@gmail.com', '2000-06-11', '131 หมู่ 13 ต.บ้านโฮ่ง อ.บ้านโฮ่ง จ.ลำพูน 51130', '2015-07-10', ''),
(7, '1559393967867', 3, 'สมแก้วจันทร์', 'ลักดีงาม', '0934943334', 'kotimay@gmail.com', '2000-12-01', '211 หมู่ 12 ต.บ้านโฮ่ง อ.บ้านโฮ่ง จ.ลำพูน 51130', '2015-07-10', ''),
(8, '1559393970989', 3, 'พินารัตณ์', 'แก้วมนี', '0848849339', 'lotmailllo@hotmail.com', '2000-06-21', '11 หมู่ 2 ต.บ้านโฮ่ง อ.บ้านโฮ่ง จ.ลำพูน 51130', '2015-07-10', ''),
(9, '1559390074189', 3, 'ปรีรดา', 'แก้วพร', '0839949222', 'loglove31@hotmail.com', '2000-09-01', '145 หมู่ 6 ต.บ้านโฮ่ง อ.บ้านโฮ่ง จ.เชียงใหม่ 51130', '2015-07-10', ''),
(10, '1550093974134', 1, 'นันรนันท์', 'สมระกา', '0983788293', 'loftsory@gmail.com', '2000-10-25', '71 หมู่ 9 ต.บ้านโฮ่ง อ.บ้านโฮ่ง จ.ลำพูน 51130', '2015-07-10', ''),
(11, '1559393734185', 3, 'แก้วมยี', 'พุธทิพย์', '0839993843', 'jatalrrgo@gmail.com', '2000-08-12', '112 หมู่ 9 ต.บ้านโฮ่ง อ.บ้านโฮ่ง จ.ลำพูน 51130', '2015-07-10', ''),
(12, '1559883974329', 1, 'สมพรชัย', 'ขมดี', '0829837633', 'dotoro1922@hotmail.com', '2000-05-12', '12 หมู่ 1 ต.บ้านโฮ่ง อ.บ้านโฮ่ง จ.ลำพูน 51130', '2015-07-10', ''),
(13, '1559396274189', 3, 'นัทนิสา', 'แสนดวงดี', '0926399475', 'dkit55@hotmail.com', '2002-07-02', '11 หมู่ 15 ต.บ้านโฮ่ง อ.บ้านโฮ่ง จ.ลำพูน 51130', '2015-07-10', ''),
(14, '1559333934189', 1, 'กรตีนา', 'เหรมพร', '0923332283', 'lovebk91@hotmail.com', '2000-02-22', '66 หมู่ 16 ต.บ้านโฮ่ง อ.บ้านโฮ่ง จ.ลำพูน 51130', '2015-07-10', ''),
(15, '1533939759403', 3, 'กิตติรา', 'สมจันทร์', '0938474392', 'toyaitlo@gmail.com', '2000-04-02', '11 หมู่ 13 ต.บ้านโฮ่ง อ.บ้านโฮ่ง จ.ลำพูน 51130', '2015-07-10', ''),
(16, '1559093934189', 3, 'พรนารา', 'มะนิตา', '0993764863', 'anusati@gmail.com', '2000-06-11', '131 หมู่ 13 ต.บ้านโฮ่ง อ.บ้านโฮ่ง จ.ลำพูน 51130', '2015-07-10', ''),
(17, '1559350967848', 3, 'สมจันทร์', 'ลักดีงาม', '0934943334', 'kotimay@gmail.com', '2000-12-01', '211 หมู่ 12 ต.บ้านโฮ่ง อ.บ้านโฮ่ง จ.ลำพูน 51130', '2015-07-10', ''),
(18, '1559308970981', 3, 'พิรารัตณ์', 'แก้วมนี', '0848849339', 'lotmailllo@hotmail.com', '2000-06-21', '11 หมู่ 2 ต.บ้านโฮ่ง อ.บ้านโฮ่ง จ.ลำพูน 51130', '2015-07-10', ''),
(19, '1559390074471', 3, 'ปรีกา', 'แก้วพร', '0839949222', 'loglove31@hotmail.com', '2000-09-01', '145 หมู่ 6 ต.บ้านโฮ่ง อ.บ้านโฮ่ง จ.ลำพูน 51130', '2015-07-10', ''),
(20, '1550090544184', 1, 'นันรยา', 'สมระกา', '0983788293', 'loftsory@gmail.com', '2000-10-25', '71 หมู่ 9 ต.บ้านโฮ่ง อ.บ้านโฮ่ง จ.ลำพูน 51130', '2015-07-10', ''),
(21, '1559393734596', 3, 'แก้วมา', 'พุธทิพย์', '0839993843', 'jatalrrgo@gmail.com', '2000-08-12', '112 หมู่ 9 ต.บ้านโฮ่ง อ.บ้านโฮ่ง จ.ลำพูน 51130', '2015-07-10', ''),
(22, '1559393943343', 1, 'สมพรยา', 'ขมดี', '0829837633', 'dotoro1922@hotmail.com', '2000-05-12', '12 หมู่ 1 ต.บ้านโฮ่ง อ.บ้านโฮ่ง จ.ลำพูน 51130', '2015-07-10', ''),
(23, '1559392273343', 3, 'นัทนิมา', 'แสนดวงดี', '0926399475', 'dkit55@hotmail.com', '2002-07-02', '11 หมู่ 15 ต.บ้านโฮ่ง อ.บ้านโฮ่ง จ.ลำพูน 51130', '2015-07-10', ''),
(24, '1559393934231', 1, 'กรตีดา', 'เหรมพร', '0923332283', 'lovebk91@hotmail.com', '2000-02-22', '66 หมู่ 16 ต.บ้านโฮ่ง อ.บ้านโฮ่ง จ.ลำพูน 51130', '2015-07-10', '');

-- --------------------------------------------------------

--
-- Table structure for table `trained`
--

CREATE TABLE IF NOT EXISTS `trained` (
  `register_id` varchar(5) COLLATE utf8_unicode_ci NOT NULL,
  `member_idcard` varchar(15) COLLATE utf8_unicode_ci NOT NULL,
  `course_id` varchar(7) COLLATE utf8_unicode_ci NOT NULL,
  `trainer` varchar(3) COLLATE utf8_unicode_ci NOT NULL,
  `trained_date` date NOT NULL,
  `trained_tscore` varchar(5) COLLATE utf8_unicode_ci NOT NULL,
  `trained_score` varchar(5) COLLATE utf8_unicode_ci NOT NULL
) ENGINE=InnoDB DEFAULT CHARSET=utf8 COLLATE=utf8_unicode_ci;

--
-- Dumping data for table `trained`
--

INSERT INTO `trained` (`register_id`, `member_idcard`, `course_id`, `trainer`, `trained_date`, `trained_tscore`, `trained_score`) VALUES
('19', '1509900986474', 'CH10615', 'NAP', '2015-08-18', '264', '193'),
('20', '1559393974183', 'CH10615', 'NAP', '2015-08-18', '264', '214'),
('27', '1101401789932', 'CL20615', 'PSU', '2015-08-20', '264', '188'),
('28', '1559883974329', 'CL20615', 'PSU', '2015-08-20', '264', '222'),
('29', '1533939759403', 'CL20615', 'PSU', '2015-08-20', '264', '220'),
('30', '1559333934119', 'CL20615', 'PSU', '2015-08-20', '264', '222'),
('32', '1559396274189', 'CL20615', 'PSU', '2015-08-20', '264', '220'),
('33', '1559393934231', 'CL20615', 'PSU', '2015-08-20', '264', '231'),
('34', '1559393943343', 'CL20615', 'PSU', '2015-08-20', '264', '203'),
('37', '1550093974134', 'TT10815', 'PR1', '2015-08-20', '165', '133'),
('39', '1509900980474', 'TT10815', 'PR1', '2015-08-20', '165', '118');

-- --------------------------------------------------------

--
-- Table structure for table `trained_fail`
--

CREATE TABLE IF NOT EXISTS `trained_fail` (
  `register_id` varchar(5) COLLATE utf8_unicode_ci NOT NULL,
  `member_idcard` varchar(15) COLLATE utf8_unicode_ci NOT NULL,
  `course_id` varchar(7) COLLATE utf8_unicode_ci NOT NULL,
  `trainer` varchar(3) COLLATE utf8_unicode_ci NOT NULL,
  `trained_date` date NOT NULL,
  `trained_tscore` varchar(5) COLLATE utf8_unicode_ci NOT NULL,
  `trained_score` varchar(5) COLLATE utf8_unicode_ci NOT NULL
) ENGINE=InnoDB DEFAULT CHARSET=utf8 COLLATE=utf8_unicode_ci;

--
-- Dumping data for table `trained_fail`
--

INSERT INTO `trained_fail` (`register_id`, `member_idcard`, `course_id`, `trainer`, `trained_date`, `trained_tscore`, `trained_score`) VALUES
('38', '1509900986474', 'TT10815', 'PR1', '2015-08-20', '165', '50');

-- --------------------------------------------------------

--
-- Table structure for table `trainer`
--

CREATE TABLE IF NOT EXISTS `trainer` (
  `trainer_id` varchar(5) COLLATE utf8_unicode_ci NOT NULL,
  `trainer_nametitle` tinyint(2) NOT NULL,
  `trainer_fname` varchar(127) COLLATE utf8_unicode_ci NOT NULL,
  `trainer_lname` varchar(127) COLLATE utf8_unicode_ci NOT NULL,
  `trainer_cnumber` varchar(16) COLLATE utf8_unicode_ci NOT NULL,
  `trainer_email` varchar(127) COLLATE utf8_unicode_ci NOT NULL,
  `trainer_birthday` date NOT NULL,
  `trainer_address` text COLLATE utf8_unicode_ci NOT NULL
) ENGINE=InnoDB DEFAULT CHARSET=utf8 COLLATE=utf8_unicode_ci;

--
-- Dumping data for table `trainer`
--

INSERT INTO `trainer` (`trainer_id`, `trainer_nametitle`, `trainer_fname`, `trainer_lname`, `trainer_cnumber`, `trainer_email`, `trainer_birthday`, `trainer_address`) VALUES
('DOI', 3, 'พวงพลอย', 'เล็กศิริ', '0995394332', 'ployavalo@gmail.com', '2005-10-07', '71/44 ม.3 ต.ท่ามะกา อ. ท่ามะกา จ.กาญจนบุรี 71120'),
('KAW', 1, 'แก้วสม', 'ราชมล', '0828853644', 'gotolomo@hotmail.com', '1965-06-22', '15 ม.3 ต.บ้านโฮ่ง อ.บ้านโฮ่ง จ.ลำพูน 51130'),
('KIT', 2, 'กิตติยา', 'ไชยวรรณ์', '0838947753', 'kitiya43@gmail.com', '1990-10-10', '43 ม.4 ต.โคกโคเฒ่า อ.เมือง จ.สุพรรณบุรี 72000'),
('KOD', 3, 'ประภาพร', 'พรหมเกษ', '0993824722', 'pamkalo@gmail.com', '1989-10-11', '499/11 หมู่ 12 อุดมสุข 42 สุขุมวิท 103 บางนา กรุงเทพ 10260'),
('LSD', 2, 'กนกกาญจน์', 'ปัญสกุล', '0851718482', 'kitapun90@gmail.com', '1986-08-06', '72/7 ม.11 ต.บ้านเลน อ.บางปะอิน จ.พระนครศรีอยุธยา 13160'),
('NAP', 1, 'นากร', 'ปัญญา', '082383992', 'naplue@hotmail.com', '1980-09-08', '45 ม.4 ต.บ้านโฮ่ง อ.บ้านโฮ่ง จ.ลำพูน 51130'),
('PAL', 1, 'พิชญ์พงศ์', 'วิมลรัชตาภรณ์ ', '0823459338', 'grilook@gmail.com', '1975-07-18', '88 ถนนวัดโพธิ์ ซอย9 ตำบลตลาด อำเภอเมืองฯ จังหวัดสุราษฎร์ธานี 84000'),
('PLS', 2, 'ปุษยา', 'แก้วจันทร์', '0829399302', 'punipun@live.com', '1989-11-17', '529/1 ซ.ไสวสุวรรณ ถ.กรุงเทพฯ-นนท์ บางซื่อ กรุงเทพฯ 10800'),
('PR1', 2, 'พริ้มไพร', 'วงชมพู', '0888888888', '8888@gmail.com', '1978-10-11', 'เชียงใหม่'),
('PSU', 1, 'ปัถยา', 'รุจิแสวง', '0924855843', 'kidmanodi@hotmail.com', '1985-10-27', 'ม.2 ต.ห้วยทราย อ.สันกำแพง จ.เชียงใหม่ 50130'),
('SUN', 3, 'สนัสตญา', 'แก้วผงศา', '0983494493', 'sunantaya19@gmail.com', '1987-08-11', '68 หมู่ 3 ต.ป่าแดง อ.เมือง จ.แพร่ 54000'),
('TAI', 1, 'ทักษินันท์', 'มะโนเพชร', '039483722', 'tikoonsawan@gmail.com', '1984-09-27', '49/84 ม.4 ต.เสาธงหิน อ.บางใหญ่ จ.นนทบุรี 11140 '),
('WIE', 2, 'วิญาณี', 'คำแก้วค่ำ', '0983384733', 'viyanee@hotmail.com', '1986-12-06', '99/37 ม.8 ต. เขาคันทรง อ. ศรีราชา จ.ชลบุรี 20110');

-- --------------------------------------------------------

--
-- Table structure for table `trainingscore`
--

CREATE TABLE IF NOT EXISTS `trainingscore` (
  `regis_id` int(5) NOT NULL,
  `training_unit` tinyint(2) NOT NULL,
  `training_date` datetime NOT NULL,
  `training_tscore` varchar(3) COLLATE utf8_unicode_ci NOT NULL,
  `training_score` varchar(3) COLLATE utf8_unicode_ci NOT NULL
) ENGINE=InnoDB DEFAULT CHARSET=utf8 COLLATE=utf8_unicode_ci;

--
-- Dumping data for table `trainingscore`
--

INSERT INTO `trainingscore` (`regis_id`, `training_unit`, `training_date`, `training_tscore`, `training_score`) VALUES
(19, 1, '2015-07-22 12:51:05', '33', '34'),
(20, 1, '2015-07-22 12:51:11', '33', '24'),
(21, 1, '2015-07-22 12:51:20', '33', '24'),
(22, 1, '2015-07-22 12:51:41', '33', '32'),
(23, 1, '2015-07-22 12:51:47', '33', '32'),
(24, 1, '2015-07-22 12:51:54', '33', '23'),
(25, 1, '2015-07-22 12:52:02', '33', '28'),
(26, 1, '2015-07-22 12:52:08', '33', '23'),
(19, 2, '2015-07-22 12:52:23', '33', '22'),
(20, 2, '2015-07-22 12:52:28', '33', '23'),
(22, 2, '2015-07-22 12:52:33', '33', '23'),
(21, 2, '2015-07-22 12:52:40', '33', '23'),
(23, 2, '2015-07-22 12:52:47', '33', '31'),
(24, 2, '2015-07-22 12:52:55', '33', '28'),
(25, 2, '2015-07-22 12:53:01', '33', '29'),
(26, 2, '2015-07-22 12:53:09', '33', '26'),
(19, 3, '2015-07-22 12:53:47', '33', '27'),
(20, 3, '2015-07-22 12:53:53', '33', '24'),
(21, 3, '2015-07-22 12:54:00', '33', '28'),
(22, 3, '2015-07-22 12:54:06', '33', '24'),
(23, 3, '2015-07-22 12:54:14', '33', '27'),
(24, 3, '2015-07-22 12:54:21', '33', '27'),
(25, 3, '2015-07-22 12:54:41', '33', '24'),
(26, 3, '2015-07-22 12:54:46', '33', '24'),
(19, 4, '2015-07-22 12:55:20', '33', '19'),
(20, 4, '2015-07-22 12:55:26', '33', '19'),
(21, 4, '2015-07-22 12:55:32', '33', '29'),
(22, 4, '2015-07-22 12:55:38', '33', '22'),
(23, 4, '2015-07-22 12:55:44', '33', '23'),
(24, 4, '2015-07-22 12:55:49', '33', '28'),
(25, 4, '2015-07-22 12:55:56', '33', '29'),
(20, 5, '2015-07-22 12:56:07', '33', '32'),
(21, 5, '2015-07-22 12:56:13', '33', '23'),
(22, 5, '2015-07-22 12:56:17', '33', '23'),
(23, 5, '2015-07-22 12:56:24', '33', '33'),
(25, 5, '2015-07-22 12:56:30', '33', '24'),
(19, 5, '2015-07-22 12:56:35', '33', '29'),
(26, 5, '2015-07-22 12:56:44', '33', '24'),
(19, 6, '2015-07-22 12:56:58', '33', '28'),
(20, 6, '2015-07-22 12:57:07', '33', '28'),
(21, 6, '2015-07-22 12:57:13', '33', '32'),
(22, 6, '2015-07-22 12:57:19', '33', '24'),
(23, 6, '2015-07-22 12:57:39', '33', '26'),
(24, 6, '2015-07-22 12:57:44', '33', '24'),
(25, 6, '2015-07-22 12:57:49', '33', '28'),
(26, 6, '2015-07-22 12:57:59', '33', '32'),
(19, 7, '2015-07-22 12:58:35', '33', '12'),
(20, 7, '2015-07-22 12:58:40', '33', '31'),
(21, 7, '2015-07-22 12:58:44', '33', '11'),
(22, 7, '2015-07-22 12:58:50', '33', '24'),
(23, 7, '2015-07-22 12:58:58', '33', '29'),
(24, 7, '2015-07-22 12:59:04', '33', '25'),
(25, 7, '2015-07-22 12:59:19', '33', '14'),
(26, 7, '2015-07-22 12:59:24', '33', '24'),
(27, 1, '2015-07-22 13:01:04', '33', '19'),
(28, 1, '2015-07-22 13:01:11', '33', '31'),
(29, 1, '2015-07-22 13:01:15', '33', '32'),
(30, 1, '2015-07-22 13:01:33', '33', '26'),
(31, 1, '2015-07-22 13:01:53', '33', '27'),
(32, 1, '2015-07-22 13:01:57', '33', '29'),
(33, 1, '2015-07-22 13:02:02', '33', '29'),
(34, 1, '2015-07-22 13:02:07', '33', '29'),
(35, 1, '2015-07-22 13:02:12', '33', '23'),
(27, 2, '2015-07-22 13:02:38', '33', '18'),
(28, 2, '2015-07-22 13:02:44', '33', '31'),
(29, 2, '2015-07-22 13:02:52', '33', '31'),
(30, 2, '2015-07-22 13:02:58', '33', '29'),
(31, 2, '2015-07-22 13:03:07', '33', '28'),
(32, 2, '2015-07-22 13:03:11', '33', '30'),
(33, 2, '2015-07-22 13:03:18', '33', '32'),
(34, 2, '2015-07-22 13:03:28', '33', '23'),
(27, 3, '2015-07-22 13:03:44', '33', '27'),
(28, 3, '2015-07-22 13:03:48', '33', '28'),
(29, 3, '2015-07-22 13:03:53', '33', '23'),
(30, 3, '2015-07-22 13:03:57', '33', '23'),
(31, 3, '2015-07-22 13:04:01', '33', '23'),
(32, 3, '2015-07-22 13:04:05', '33', '29'),
(33, 3, '2015-07-22 13:04:11', '33', '29'),
(34, 3, '2015-07-22 13:04:15', '33', '27'),
(35, 3, '2015-07-22 13:04:19', '33', '28'),
(27, 4, '2015-07-22 13:04:32', '33', '21'),
(28, 4, '2015-07-22 13:05:06', '33', '28'),
(30, 4, '2015-07-22 13:05:11', '33', '29'),
(31, 4, '2015-07-22 13:05:16', '33', '26'),
(32, 4, '2015-07-22 13:05:20', '33', '29'),
(33, 4, '2015-07-22 13:05:25', '33', '29'),
(34, 4, '2015-07-22 13:05:29', '33', '20'),
(35, 4, '2015-07-22 13:05:34', '33', '29'),
(29, 4, '2015-07-22 13:05:39', '33', '27'),
(27, 5, '2015-07-22 13:05:57', '33', '19'),
(28, 5, '2015-07-22 13:06:03', '33', '24'),
(29, 5, '2015-07-22 13:06:08', '33', '22'),
(30, 5, '2015-07-22 13:06:12', '33', '22'),
(31, 5, '2015-07-22 13:06:16', '33', '22'),
(32, 5, '2015-07-22 13:06:20', '33', '22'),
(33, 5, '2015-07-22 13:06:24', '33', '32'),
(34, 5, '2015-07-22 13:06:30', '33', '23'),
(35, 5, '2015-07-22 13:06:36', '33', '23'),
(27, 6, '2015-07-22 13:06:56', '33', '31'),
(28, 6, '2015-07-22 13:07:01', '33', '23'),
(29, 6, '2015-07-22 13:07:07', '33', '23'),
(30, 6, '2015-07-22 13:07:12', '33', '28'),
(31, 6, '2015-07-22 13:07:19', '33', '29'),
(32, 6, '2015-07-22 13:07:24', '33', '29'),
(33, 6, '2015-07-22 13:07:28', '33', '23'),
(34, 6, '2015-07-22 13:07:38', '33', '32'),
(35, 6, '2015-07-22 13:07:45', '33', '30'),
(27, 7, '2015-07-22 13:08:08', '33', '26'),
(28, 7, '2015-07-22 13:08:12', '33', '28'),
(29, 7, '2015-07-22 13:08:18', '33', '30'),
(30, 7, '2015-07-22 13:08:24', '33', '32'),
(31, 7, '2015-07-22 13:08:30', '33', '12'),
(32, 7, '2015-07-22 13:08:37', '33', '20'),
(33, 7, '2015-07-22 13:08:42', '33', '29'),
(34, 7, '2015-07-22 13:08:48', '33', '26'),
(35, 7, '2015-07-22 13:08:54', '33', '29'),
(27, 8, '2015-07-22 13:09:48', '33', '27'),
(28, 8, '2015-07-22 13:09:51', '33', '29'),
(29, 8, '2015-07-22 13:09:58', '33', '32'),
(30, 8, '2015-07-22 13:10:04', '33', '33'),
(32, 8, '2015-07-22 13:10:08', '33', '32'),
(33, 8, '2015-07-22 13:10:12', '33', '28'),
(34, 8, '2015-07-22 13:10:17', '33', '23'),
(35, 8, '2015-07-22 13:10:22', '33', '23'),
(11, 1, '2015-07-24 05:50:41', '33', '31'),
(37, 1, '2015-08-05 04:05:08', '33', '23'),
(38, 1, '2015-08-05 04:05:14', '33', '10'),
(39, 1, '2015-08-05 04:05:20', '33', '12'),
(37, 2, '2015-08-05 04:08:49', '33', '30'),
(38, 2, '2015-08-05 04:08:55', '33', '10'),
(39, 2, '2015-08-05 04:09:29', '33', '30'),
(37, 3, '2015-08-05 04:09:45', '33', '20'),
(38, 3, '2015-08-05 04:09:51', '33', '10'),
(39, 3, '2015-08-05 04:09:57', '33', '23'),
(37, 4, '2015-08-05 04:10:59', '33', '30'),
(38, 4, '2015-08-05 04:11:03', '33', '10'),
(39, 4, '2015-08-05 04:11:09', '33', '20'),
(37, 5, '2015-08-05 04:11:21', '33', '30'),
(38, 5, '2015-08-05 04:11:25', '33', '10'),
(39, 5, '2015-08-05 04:11:29', '33', '33'),
(19, 8, '2015-08-18 10:36:11', '33', '22'),
(20, 8, '2015-08-18 10:36:15', '33', '33'),
(3, 4, '2015-08-21 08:06:45', '33', '33');

-- --------------------------------------------------------

--
-- Table structure for table `user`
--

CREATE TABLE IF NOT EXISTS `user` (
  `user_id` varchar(31) COLLATE utf8_unicode_ci NOT NULL,
  `user_password` varchar(255) COLLATE utf8_unicode_ci NOT NULL,
  `usergroup_id` varchar(6) COLLATE utf8_unicode_ci NOT NULL,
  `user_status` tinyint(2) NOT NULL,
  `user_regisdate` datetime NOT NULL DEFAULT CURRENT_TIMESTAMP
) ENGINE=InnoDB DEFAULT CHARSET=utf8 COLLATE=utf8_unicode_ci;

--
-- Dumping data for table `user`
--

INSERT INTO `user` (`user_id`, `user_password`, `usergroup_id`, `user_status`, `user_regisdate`) VALUES
('admin', '9admswMG1OYXA=b9dmswMG1OYXA=81c=', 'sa', 11, '2015-05-21 00:00:00'),
('adminam', '9aYWRtaW5hbQ==b9YWRtaW5hbQ==81c=', 'am', 11, '2015-07-20 08:27:33'),
('adminfn', '9aYWRtaW5mbg==b9YWRtaW5mbg==81c=', 'fn', 11, '2015-07-20 08:14:05'),
('adminfn2', '9aYWRtaW5mbjI=b9YWRtaW5mbjI=81c=', 'fn', 11, '2015-07-20 08:36:19'),
('adminfn3', '9aYWRtaW5mbjM=b9YWRtaW5mbjM=81c=', 'fn', 11, '2015-07-20 08:38:48'),
('adminmb', '9aYWRtaW5tYg==b9YWRtaW5tYg==81c=', 'mb', 11, '2015-07-20 08:00:50'),
('adminmb2', '9aQURNSU5NQjI=b9QURNSU5NQjI=81c=', 'mb', 11, '2015-07-20 08:43:56'),
('adminsa2', '9aQURNSU5TQTI=b9QURNSU5TQTI=81c=', 'sa', 11, '2015-07-20 08:51:39'),
('adminsm', '9aYWRtaW5zbQ==b9YWRtaW5zbQ==81c=', 'sm', 11, '2015-07-20 08:08:12'),
('adminsm1', '9aYWRtaW5zbTE=b9YWRtaW5zbTE=81c=', 'sm', 11, '2015-07-20 08:05:55'),
('adminsm2', '9aYWRtaW5zbTI=b9YWRtaW5zbTI=81c=', 'sm', 11, '2015-07-20 08:10:25'),
('adminsm3', '9aYWRtaW5zbTM=b9YWRtaW5zbTM=81c=', 'sm', 11, '2015-07-20 08:32:09'),
('adminsm4', '9aYWRtaW5zbTQ=b9YWRtaW5zbTQ=81c=', 'sm', 11, '2015-07-20 08:41:54'),
('primprai', '9aYWRtaW4=b9YWRtaW4=81c=', 'sm', 11, '2015-08-05 03:32:41');

-- --------------------------------------------------------

--
-- Table structure for table `usergroup`
--

CREATE TABLE IF NOT EXISTS `usergroup` (
  `usergroup_id` varchar(5) COLLATE utf8_unicode_ci NOT NULL,
  `usergroup_th` varchar(255) COLLATE utf8_unicode_ci NOT NULL,
  `usergroup_en` varchar(255) COLLATE utf8_unicode_ci NOT NULL
) ENGINE=InnoDB DEFAULT CHARSET=utf8 COLLATE=utf8_unicode_ci;

--
-- Dumping data for table `usergroup`
--

INSERT INTO `usergroup` (`usergroup_id`, `usergroup_th`, `usergroup_en`) VALUES
('am', 'ผู้บริหาร', 'Administrator'),
('fn', 'ผู้ดูแลการเงิน', 'Finance Administrator'),
('mb', 'ผู้ดูแลข้อมูลสมาชิก', 'Member Admin'),
('sa', 'ผู้ดูระบบ', 'System Admin'),
('sm', 'ผู้ให้การอบรม', 'Trainer');

-- --------------------------------------------------------

--
-- Table structure for table `userpro`
--

CREATE TABLE IF NOT EXISTS `userpro` (
  `user_id` varchar(31) COLLATE utf8_unicode_ci NOT NULL,
  `user_nametitle` tinyint(2) NOT NULL,
  `user_fname` varchar(32) COLLATE utf8_unicode_ci NOT NULL,
  `user_lname` varchar(32) COLLATE utf8_unicode_ci NOT NULL,
  `user_cnumber` varchar(16) COLLATE utf8_unicode_ci NOT NULL,
  `user_email` varchar(127) COLLATE utf8_unicode_ci NOT NULL,
  `user_birthday` date NOT NULL,
  `user_address` text COLLATE utf8_unicode_ci NOT NULL
) ENGINE=InnoDB DEFAULT CHARSET=utf8 COLLATE=utf8_unicode_ci;

--
-- Dumping data for table `userpro`
--

INSERT INTO `userpro` (`user_id`, `user_nametitle`, `user_fname`, `user_lname`, `user_cnumber`, `user_email`, `user_birthday`, `user_address`) VALUES
('admin', 1, 'อานนท์', 'มะโนสกุล', '0830160704', 'kimarnon@aol.com', '1991-03-02', '148/1 ม.1 ตำบลบ้านโฮ่ง อำเภอบ้านโฮ่ง จังหวัดลำพูน 51130'),
('adminam', 1, 'พิชญ์พงศ์', 'วิมลรัชตาภรณ์ ', '0823459338', 'grilook@gmail.com', '1975-07-18', '88 ถนนวัดโพธิ์ ซอย9 ตำบลตลาด อำเภอเมืองฯ จังหวัดสุราษฎร์ธานี 84000'),
('adminfn', 2, 'ปุษยา', 'แก้วจันทร์', '0829399302', 'punipun@live.com', '1989-11-17', '529/1 ซ.ไสวสุวรรณ ถ.กรุงเทพฯ-นนท์ บางซื่อ กรุงเทพฯ 10800'),
('adminfn2', 3, 'สนัสตญา', 'แก้วผงศาอง', '0983494493', 'sunantaya19@gmail.com', '1987-08-11', '68 หมู่ 3 ต.ป่าแดง อ.เมือง จ.แพร่ 54000'),
('adminfn3', 3, 'พวงพลอย', 'เล็กศิริ', '0995394332', 'ployavalo@gmail.com', '2005-10-07', '71/44 ม.3 ต.ท่ามะกา อ. ท่ามะกา จ.กาญจนบุรี 71120'),
('adminmb', 2, 'กนกกาญจน์', 'ปัญสกุล', '0851718482', 'kitapun90@gmail.com', '1986-08-06', '72/7 ม.11 ต.บ้านเลน อ.บางปะอิน จ.พระนครศรีอยุธยา 13160'),
('adminmb2', 3, 'ประภาพร', 'พรหมเกษ', '0993824722', 'pamkalo@gmail.com', '1989-10-11', '499/11 หมู่ 12 อุดมสุข 42 สุขุมวิท 103 บางนา กรุงเทพ 10260'),
('adminsa2', 1, 'อานน', 'มะโนสกุล', '0830160704', 'kimarnon@aol.com', '1991-03-02', 'เชียงใหม่'),
('adminsm', 1, 'ปัถยา', 'รุจิแสวง', '0924855843', 'kidmanodi@hotmail.com', '1985-10-27', 'ม.2 ต.ห้วยทราย อ.สันกำแพง จ.เชียงใหม่ 50130'),
('adminsm1', 2, 'ปีย์วรา', 'จันกานต์', '0929933998', 'peevara@aol.com', '1981-07-09', '188 ถ.หลวงแพ่ง แขวงขุมทอง เขตลาดกระบัง กรุงเทพมหานคร 10520'),
('adminsm2', 2, 'กิตติยา', 'ไชยวรรณ์', '0838947753', 'kitiya43@gmail.com', '1990-10-10', '43 ม.4 ต.โคกโคเฒ่า อ.เมือง จ.สุพรรณบุรี 72000'),
('adminsm3', 2, 'วิญาณี', 'คำแก้วค่ำ', '0983384733', 'viyanee@hotmail.com', '1986-12-06', '99/37 ม.8 ต. เขาคันทรง อ. ศรีราชา จ.ชลบุรี 20110'),
('adminsm4', 1, 'ทักษินันท์', 'มะโนเพชร', '039483722', 'tikoonsawan@gmail.com', '1984-09-27', '49/84 ม.4 ต.เสาธงหิน อ.บางใหญ่ จ.นนทบุรี 11140 '),
('primprai', 2, 'พริ้มไพร', 'วงค์ชมพู', '0888888888', '8888@gmail.com', '2000-08-05', 'เชียงใหม่');

--
-- Indexes for dumped tables
--

--
-- Indexes for table `balance`
--
ALTER TABLE `balance`
  ADD PRIMARY KEY (`balance_id`);

--
-- Indexes for table `course`
--
ALTER TABLE `course`
  ADD PRIMARY KEY (`course_id`);

--
-- Indexes for table `coursedetail`
--
ALTER TABLE `coursedetail`
  ADD PRIMARY KEY (`course_detail_id`);

--
-- Indexes for table `courseregis`
--
ALTER TABLE `courseregis`
  ADD PRIMARY KEY (`regis_id`);

--
-- Indexes for table `donation`
--
ALTER TABLE `donation`
  ADD PRIMARY KEY (`donation_id`);

--
-- Indexes for table `donationtype`
--
ALTER TABLE `donationtype`
  ADD PRIMARY KEY (`dtype_id`);

--
-- Indexes for table `expenses`
--
ALTER TABLE `expenses`
  ADD PRIMARY KEY (`expenses_id`);

--
-- Indexes for table `expensestype`
--
ALTER TABLE `expensestype`
  ADD PRIMARY KEY (`etype_id`);

--
-- Indexes for table `member`
--
ALTER TABLE `member`
  ADD PRIMARY KEY (`member_id`);

--
-- Indexes for table `trained`
--
ALTER TABLE `trained`
  ADD PRIMARY KEY (`register_id`);

--
-- Indexes for table `trainer`
--
ALTER TABLE `trainer`
  ADD PRIMARY KEY (`trainer_id`);

--
-- Indexes for table `user`
--
ALTER TABLE `user`
  ADD PRIMARY KEY (`user_id`);

--
-- Indexes for table `usergroup`
--
ALTER TABLE `usergroup`
  ADD PRIMARY KEY (`usergroup_id`);

--
-- Indexes for table `userpro`
--
ALTER TABLE `userpro`
  ADD PRIMARY KEY (`user_id`);

--
-- AUTO_INCREMENT for dumped tables
--

--
-- AUTO_INCREMENT for table `balance`
--
ALTER TABLE `balance`
  MODIFY `balance_id` int(5) NOT NULL AUTO_INCREMENT,AUTO_INCREMENT=60;
--
-- AUTO_INCREMENT for table `courseregis`
--
ALTER TABLE `courseregis`
  MODIFY `regis_id` int(5) NOT NULL AUTO_INCREMENT,AUTO_INCREMENT=59;
--
-- AUTO_INCREMENT for table `donation`
--
ALTER TABLE `donation`
  MODIFY `donation_id` int(6) NOT NULL AUTO_INCREMENT,AUTO_INCREMENT=125;
--
-- AUTO_INCREMENT for table `donationtype`
--
ALTER TABLE `donationtype`
  MODIFY `dtype_id` tinyint(2) NOT NULL AUTO_INCREMENT,AUTO_INCREMENT=5;
--
-- AUTO_INCREMENT for table `expenses`
--
ALTER TABLE `expenses`
  MODIFY `expenses_id` int(6) NOT NULL AUTO_INCREMENT,AUTO_INCREMENT=136;
--
-- AUTO_INCREMENT for table `expensestype`
--
ALTER TABLE `expensestype`
  MODIFY `etype_id` tinyint(2) NOT NULL AUTO_INCREMENT,AUTO_INCREMENT=7;
--
-- AUTO_INCREMENT for table `member`
--
ALTER TABLE `member`
  MODIFY `member_id` int(5) NOT NULL AUTO_INCREMENT,AUTO_INCREMENT=25;
/*!40101 SET CHARACTER_SET_CLIENT=@OLD_CHARACTER_SET_CLIENT */;
/*!40101 SET CHARACTER_SET_RESULTS=@OLD_CHARACTER_SET_RESULTS */;
/*!40101 SET COLLATION_CONNECTION=@OLD_COLLATION_CONNECTION */;
